{
    "objects": [
        {
            "name": "roomMedium2",
            "type": "MESH",
            "location": [
                -145.6931915283203,
                135.44308471679688,
                1.6823043823242188
            ],
            "rotation": [
                0.0,
                0.0,
                0.0
            ],
            "scale": [
                1.0,
                1.0,
                1.0
            ]
        },
        {
            "name": "column.004",
            "type": "MESH",
            "location": [
                -81.53812408447266,
                161.4079132080078,
                13.810744285583496
            ],
            "rotation": [
                0.0,
                0.0,
                0.0
            ],
            "scale": [
                2.3109617233276367,
                2.3109617233276367,
                12.86689281463623
            ]
        },
        {
            "name": "column.005",
            "type": "MESH",
            "location": [
                -81.53812408447266,
                145.00929260253906,
                13.810744285583496
            ],
            "rotation": [
                0.0,
                0.0,
                0.0
            ],
            "scale": [
                2.3109617233276367,
                2.3109617233276367,
                12.86689281463623
            ]
        },
        {
            "name": "column.006",
            "type": "MESH",
            "location": [
                -81.53812408447266,
                129.83853149414062,
                13.810744285583496
            ],
            "rotation": [
                0.0,
                0.0,
                0.0
            ],
            "scale": [
                2.3109617233276367,
                2.3109617233276367,
                12.86689281463623
            ]
        },
        {
            "name": "column.007",
            "type": "MESH",
            "location": [
                -81.53812408447266,
                114.35319519042969,
                13.810744285583496
            ],
            "rotation": [
                0.0,
                0.0,
                0.0
            ],
            "scale": [
                2.3109617233276367,
                2.3109617233276367,
                12.86689281463623
            ]
        },
        {
            "name": "column.008",
            "type": "MESH",
            "location": [
                -140.84107971191406,
                161.4079132080078,
                13.810744285583496
            ],
            "rotation": [
                0.0,
                0.0,
                0.0
            ],
            "scale": [
                2.3109617233276367,
                2.3109617233276367,
                12.86689281463623
            ]
        },
        {
            "name": "column.009",
            "type": "MESH",
            "location": [
                -140.84107971191406,
                145.00929260253906,
                13.810744285583496
            ],
            "rotation": [
                0.0,
                0.0,
                0.0
            ],
            "scale": [
                2.3109617233276367,
                2.3109617233276367,
                12.86689281463623
            ]
        },
        {
            "name": "column.010",
            "type": "MESH",
            "location": [
                -140.84107971191406,
                129.83853149414062,
                13.810744285583496
            ],
            "rotation": [
                0.0,
                0.0,
                0.0
            ],
            "scale": [
                2.3109617233276367,
                2.3109617233276367,
                12.86689281463623
            ]
        },
        {
            "name": "column.011",
            "type": "MESH",
            "location": [
                -140.84107971191406,
                114.35319519042969,
                13.810744285583496
            ],
            "rotation": [
                0.0,
                0.0,
                0.0
            ],
            "scale": [
                2.3109617233276367,
                2.3109617233276367,
                12.86689281463623
            ]
        },
        {
            "name": "door.010",
            "type": "MESH",
            "location": [
                -110.56909942626953,
                173.3330841064453,
                6.199885368347168
            ],
            "rotation": [
                0.0,
                0.0,
                0.0
            ],
            "scale": [
                1.0,
                1.0,
                1.0
            ]
        },
        {
            "name": "loadRoom7",
            "type": "EMPTY",
            "location": [
                -110.56909942626953,
                88.54840087890625,
                6.199885368347168
            ],
            "rotation": [
                0.0,
                0.0,
                0.0
            ],
            "scale": [
                1.0,
                1.0,
                1.0
            ],
            "children": [
                {
                    "name": "door.011",
                    "type": "MESH",
                    "location": [
                        -110.56909942626953,
                        103.0325698852539,
                        6.199885368347168
                    ],
                    "rotation": [
                        0.0,
                        0.0,
                        3.1415927410125732
                    ],
                    "scale": [
                        1.0,
                        1.0,
                        1.0
                    ]
                }
            ]
        }
    ]
}