{
    "objects": [
        {
            "name": "roomMedium1",
            "type": "MESH",
            "location": [
                0.043064117431640625,
                143.0020751953125,
                1.6823043823242188
            ],
            "rotation": [
                0.0,
                0.0,
                0.0
            ],
            "scale": [
                1.0,
                1.0,
                1.0
            ]
        },
        {
            "name": "crate.015",
            "type": "MESH",
            "location": [
                48.73120880126953,
                140.6649627685547,
                5.061086177825928
            ],
            "rotation": [
                0.0,
                0.0,
                0.0
            ],
            "scale": [
                3.2441680431365967,
                3.2441680431365967,
                3.2441680431365967
            ]
        },
        {
            "name": "door.006",
            "type": "MESH",
            "location": [
                33.6842041015625,
                112.44074249267578,
                5.986425399780273
            ],
            "rotation": [
                0.0,
                180.0,
                0.0
            ],
            "scale": [
                1.0,
                1.0,
                1.0
            ],
            "children": [
                {
                    "name": "loadRoom3",
                    "type": "EMPTY",
                    "location": [
                        38.794464111328125,
                        102.27030181884766,
                        5.470579147338867
                    ],
                    "rotation": [
                        0.0,
                        0.0,
                        0.0
                    ],
                    "scale": [
                        1.0,
                        1.0,
                        1.0
                    ]
                }
            ]
        },
        {
            "name": "crate.016",
            "type": "MESH",
            "location": [
                48.200679779052734,
                163.58718872070312,
                5.061086177825928
            ],
            "rotation": [
                0.0,
                0.0,
                0.0
            ],
            "scale": [
                3.2441680431365967,
                3.2441680431365967,
                3.2441680431365967
            ]
        },
        {
            "name": "crate.017",
            "type": "MESH",
            "location": [
                41.86092758178711,
                140.6649627685547,
                5.061086177825928
            ],
            "rotation": [
                0.0,
                0.0,
                0.0
            ],
            "scale": [
                3.2441680431365967,
                3.2441680431365967,
                3.2441680431365967
            ]
        },
        {
            "name": "crate.018",
            "type": "MESH",
            "location": [
                7.871943950653076,
                115.63087463378906,
                5.061086654663086
            ],
            "rotation": [
                0.0,
                -0.0,
                -2.1537363529205322
            ],
            "scale": [
                3.2441680431365967,
                3.2441680431365967,
                3.2441680431365967
            ]
        },
        {
            "name": "crate.019",
            "type": "MESH",
            "location": [
                20.641706466674805,
                141.8290557861328,
                5.061086177825928
            ],
            "rotation": [
                0.0,
                -0.0,
                -2.1537363529205322
            ],
            "scale": [
                3.2441680431365967,
                3.2441680431365967,
                3.2441680431365967
            ]
        },
        {
            "name": "crate.020",
            "type": "MESH",
            "location": [
                7.871943950653076,
                115.63087463378906,
                11.409436225891113
            ],
            "rotation": [
                0.0,
                -0.0,
                -2.43349027633667
            ],
            "scale": [
                3.2441680431365967,
                3.2441680431365967,
                3.2441680431365967
            ]
        },
        {
            "name": "door.007",
            "type": "MESH",
            "location": [
                33.6842041015625,
                180.9180450439453,
                5.986425399780273
            ],
            "rotation": [
                0.0,
                0.0,
                0.0
            ],
            "scale": [
                1.0,
                1.0,
                1.0
            ],
            "children": [
                {
                    "name": "loadRoom5",
                    "type": "EMPTY",
                    "location": [
                        46.20674514770508,
                        186.95216369628906,
                        5.986425399780273
                    ],
                    "rotation": [
                        0.0,
                        0.0,
                        0.0
                    ],
                    "scale": [
                        1.0,
                        1.0,
                        1.0
                    ]
                }
            ]
        },
        {
            "name": "crate.021",
            "type": "MESH",
            "location": [
                62.076290130615234,
                176.3437042236328,
                5.061086177825928
            ],
            "rotation": [
                0.0,
                -0.0,
                0.22462038695812225
            ],
            "scale": [
                3.2441680431365967,
                3.2441680431365967,
                3.2441680431365967
            ]
        },
        {
            "name": "crate.022",
            "type": "MESH",
            "location": [
                61.351417541503906,
                175.63406372070312,
                11.58906364440918
            ],
            "rotation": [
                0.0,
                -0.0,
                0.34865543246269226
            ],
            "scale": [
                3.2441680431365967,
                3.2441680431365967,
                3.2441680431365967
            ]
        },
        {
            "name": "enemy.004",
            "type": "EMPTY",
            "location": [
                61.957218170166016,
                151.05978393554688,
                5.061086177825928
            ],
            "rotation": [
                0.0,
                0.0,
                0.0
            ],
            "scale": [
                1.0,
                1.0,
                1.0
            ],
            "children": [
                {
                    "name": "patrollPoint.013",
                    "type": "EMPTY",
                    "location": [
                        31.88360595703125,
                        151.05978393554688,
                        5.061086177825928
                    ],
                    "rotation": [
                        0.0,
                        0.0,
                        0.0
                    ],
                    "scale": [
                        1.0,
                        1.0,
                        1.0
                    ]
                },
                {
                    "name": "patrollPoint.014",
                    "type": "EMPTY",
                    "location": [
                        57.464210510253906,
                        151.05978393554688,
                        5.061086177825928
                    ],
                    "rotation": [
                        0.0,
                        0.0,
                        0.0
                    ],
                    "scale": [
                        1.0,
                        1.0,
                        1.0
                    ]
                }
            ]
        },
        {
            "name": "enemy.005",
            "type": "EMPTY",
            "location": [
                13.672361373901367,
                150.4071044921875,
                5.061086177825928
            ],
            "rotation": [
                0.0,
                0.0,
                0.0
            ],
            "scale": [
                1.0,
                1.0,
                1.0
            ],
            "children": [
                {
                    "name": "patrollPoint.012",
                    "type": "EMPTY",
                    "location": [
                        19.121448516845703,
                        150.4071044921875,
                        5.061086177825928
                    ],
                    "rotation": [
                        0.0,
                        0.0,
                        0.0
                    ],
                    "scale": [
                        1.0,
                        1.0,
                        1.0
                    ]
                }
            ]
        }
    ]
}