{
    "objects": [
        {
            "name": "fence2.002",
            "type": "MESH",
            "location": [
                -3.1263246536254883,
                60.7886848449707,
                5.880850791931152
            ],
            "rotation": [
                0.0,
                -0.0,
                0.0
            ],
            "scale": [
                4.295965671539307,
                4.295965671539307,
                4.295965671539307
            ]
        },
        {
            "name": "wall",
            "type": "MESH",
            "location": [
                0.043064117431640625,
                107.16184997558594,
                1.6823043823242188
            ],
            "rotation": [
                0.0,
                0.0,
                0.0
            ],
            "scale": [
                1.0,
                1.0,
                1.0
            ]
        },
        {
            "name": "column",
            "type": "MESH",
            "location": [
                -10.784446716308594,
                105.93296813964844,
                13.810744285583496
            ],
            "rotation": [
                0.0,
                0.0,
                0.0
            ],
            "scale": [
                2.3109617233276367,
                2.3109617233276367,
                12.86689281463623
            ]
        },
        {
            "name": "fence3",
            "type": "MESH",
            "location": [
                -3.1263246536254883,
                60.7886848449707,
                5.880850791931152
            ],
            "rotation": [
                0.0,
                0.0,
                0.0
            ],
            "scale": [
                4.295965671539307,
                4.295965671539307,
                4.295965671539307
            ]
        },
        {
            "name": "crate.008",
            "type": "MESH",
            "location": [
                -23.392791748046875,
                80.7084732055664,
                4.700669765472412
            ],
            "rotation": [
                0.0,
                -0.0,
                -0.0940421000123024
            ],
            "scale": [
                3.2441680431365967,
                3.2441680431365967,
                3.2441680431365967
            ]
        },
        {
            "name": "crate.009",
            "type": "MESH",
            "location": [
                -16.082921981811523,
                80.7084732055664,
                4.700669765472412
            ],
            "rotation": [
                0.0,
                0.0,
                0.0
            ],
            "scale": [
                3.2441680431365967,
                3.2441680431365967,
                3.2441680431365967
            ]
        },
        {
            "name": "crate.010",
            "type": "MESH",
            "location": [
                -9.612996101379395,
                80.7084732055664,
                4.700669765472412
            ],
            "rotation": [
                0.0,
                0.0,
                0.0
            ],
            "scale": [
                3.2441680431365967,
                3.2441680431365967,
                3.2441680431365967
            ]
        },
        {
            "name": "crate.011",
            "type": "MESH",
            "location": [
                -3.1680498123168945,
                80.7084732055664,
                4.700669765472412
            ],
            "rotation": [
                0.0,
                0.0,
                0.0
            ],
            "scale": [
                3.2441680431365967,
                3.2441680431365967,
                3.2441680431365967
            ]
        },
        {
            "name": "crate.012",
            "type": "MESH",
            "location": [
                3.3018760681152344,
                80.7084732055664,
                4.700669765472412
            ],
            "rotation": [
                0.0,
                0.0,
                0.0
            ],
            "scale": [
                3.2441680431365967,
                3.2441680431365967,
                3.2441680431365967
            ]
        },
        {
            "name": "crate.013",
            "type": "MESH",
            "location": [
                9.746822357177734,
                80.7084732055664,
                4.700669765472412
            ],
            "rotation": [
                0.0,
                0.0,
                0.0
            ],
            "scale": [
                3.2441680431365967,
                3.2441680431365967,
                3.2441680431365967
            ]
        },
        {
            "name": "column.001",
            "type": "MESH",
            "location": [
                17.793100357055664,
                105.93296813964844,
                13.810744285583496
            ],
            "rotation": [
                0.0,
                0.0,
                0.0
            ],
            "scale": [
                2.3109617233276367,
                2.3109617233276367,
                12.86689281463623
            ]
        },
        {
            "name": "column.002",
            "type": "MESH",
            "location": [
                -37.11536407470703,
                105.93296813964844,
                13.810744285583496
            ],
            "rotation": [
                0.0,
                0.0,
                0.0
            ],
            "scale": [
                2.3109617233276367,
                2.3109617233276367,
                12.86689281463623
            ]
        },
        {
            "name": "door.003",
            "type": "MESH",
            "location": [
                -52.718406677246094,
                47.664817810058594,
                5.470579147338867
            ],
            "rotation": [
                0.0,
                0.0,
                0.0
            ],
            "scale": [
                -1.0,
                1.0,
                1.0
            ],
            "children": [
                {
                    "name": "loadRoom2",
                    "type": "EMPTY",
                    "location": [
                        -52.718406677246094,
                        42.316200256347656,
                        5.470579147338867
                    ],
                    "rotation": [
                        0.0,
                        0.0,
                        0.0
                    ],
                    "scale": [
                        1.0,
                        1.0,
                        1.0
                    ]
                }
            ]
        },
        {
            "name": "door.004",
            "type": "MESH",
            "location": [
                39.13644790649414,
                106.88578033447266,
                5.470579147338867
            ],
            "rotation": [
                0.0,
                0.0,
                0.0
            ],
            "scale": [
                1.0,
                1.0,
                1.0
            ],
            "children": [
                {
                    "name": "loadRoom4",
                    "type": "EMPTY",
                    "location": [
                        34.03014373779297,
                        115.29010772705078,
                        5.470579147338867
                    ],
                    "rotation": [
                        0.0,
                        0.0,
                        0.0
                    ],
                    "scale": [
                        1.0,
                        1.0,
                        1.0
                    ]
                }
            ]
        },
        {
            "name": "map2.002",
            "type": "MESH",
            "location": [
                -0.3356319069862366,
                80.83692932128906,
                1.6823043823242188
            ],
            "rotation": [
                0.0,
                0.0,
                0.0
            ],
            "scale": [
                14.551464080810547,
                25.411100387573242,
                14.551464080810547
            ]
        },
        {
            "name": "crate.029",
            "type": "MESH",
            "location": [
                -18.623201370239258,
                80.7084732055664,
                11.230886459350586
            ],
            "rotation": [
                0.0,
                -0.0,
                0.22609417140483856
            ],
            "scale": [
                3.2441680431365967,
                3.2441680431365967,
                3.2441680431365967
            ]
        },
        {
            "name": "crate.030",
            "type": "MESH",
            "location": [
                0.04113727807998657,
                80.7084732055664,
                10.894824981689453
            ],
            "rotation": [
                0.0,
                0.0,
                0.0
            ],
            "scale": [
                3.2441680431365967,
                3.2441680431365967,
                3.2441680431365967
            ]
        },
        {
            "name": "crate.031",
            "type": "MESH",
            "location": [
                -9.395429611206055,
                80.7084732055664,
                10.894824981689453
            ],
            "rotation": [
                0.0,
                -0.0,
                -0.5096600651741028
            ],
            "scale": [
                3.2441680431365967,
                3.2441680431365967,
                3.2441680431365967
            ]
        },
        {
            "name": "enemy",
            "type": "EMPTY",
            "location": [
                -45.661678314208984,
                71.03351593017578,
                4.700669765472412
            ],
            "rotation": [
                0.0,
                0.0,
                0.0
            ],
            "scale": [
                1.0,
                1.0,
                1.0
            ],
            "children": [
                {
                    "name": "patrollPoint.002",
                    "type": "EMPTY",
                    "location": [
                        -45.661678314208984,
                        71.03351593017578,
                        4.700669765472412
                    ],
                    "rotation": [
                        0.0,
                        0.0,
                        0.0
                    ],
                    "scale": [
                        1.0,
                        1.0,
                        1.0
                    ]
                },
                {
                    "name": "patrollPoint.003",
                    "type": "EMPTY",
                    "location": [
                        23.080211639404297,
                        71.03351593017578,
                        4.700669765472412
                    ],
                    "rotation": [
                        0.0,
                        0.0,
                        0.0
                    ],
                    "scale": [
                        1.0,
                        1.0,
                        1.0
                    ]
                },
                {
                    "name": "patrollPoint.004",
                    "type": "EMPTY",
                    "location": [
                        23.080211639404297,
                        92.78102111816406,
                        4.700669765472412
                    ],
                    "rotation": [
                        0.0,
                        0.0,
                        0.0
                    ],
                    "scale": [
                        1.0,
                        1.0,
                        1.0
                    ]
                },
                {
                    "name": "patrollPoint.005",
                    "type": "EMPTY",
                    "location": [
                        -43.80794906616211,
                        92.78102111816406,
                        4.700669765472412
                    ],
                    "rotation": [
                        0.0,
                        0.0,
                        0.0
                    ],
                    "scale": [
                        1.0,
                        1.0,
                        1.0
                    ]
                }
            ]
        },
        {
            "name": "enemy",
            "type": "EMPTY",
            "location": [
                -36.12663650512695,
                90.81448364257812,
                4.6134724617004395
            ],
            "rotation": [
                0.0,
                0.0,
                0.0
            ],
            "scale": [
                1.0,
                1.0,
                1.0
            ],
            "children": [
                {
                    "name": "patrollPoint.006",
                    "type": "EMPTY",
                    "location": [
                        -36.12663650512695,
                        73.70970916748047,
                        4.6134724617004395
                    ],
                    "rotation": [
                        0.0,
                        0.0,
                        0.0
                    ],
                    "scale": [
                        1.0,
                        1.0,
                        1.0
                    ]
                },
                {
                    "name": "patrollPoint.007",
                    "type": "EMPTY",
                    "location": [
                        -36.12663650512695,
                        92.78057861328125,
                        4.6134724617004395
                    ],
                    "rotation": [
                        0.0,
                        0.0,
                        0.0
                    ],
                    "scale": [
                        1.0,
                        1.0,
                        1.0
                    ]
                }
            ]
        },
        {
            "name": "enemy",
            "type": "EMPTY",
            "location": [
                51.237308502197266,
                95.24690246582031,
                5.470579147338867
            ],
            "rotation": [
                0.0,
                0.0,
                0.0
            ],
            "scale": [
                1.0,
                1.0,
                1.0
            ],
            "children": [
                {
                    "name": "patrollPoint.008",
                    "type": "EMPTY",
                    "location": [
                        28.452085494995117,
                        95.24690246582031,
                        5.470579147338867
                    ],
                    "rotation": [
                        0.0,
                        0.0,
                        0.0
                    ],
                    "scale": [
                        1.0,
                        1.0,
                        1.0
                    ]
                },
                {
                    "name": "patrollPoint.009",
                    "type": "EMPTY",
                    "location": [
                        48.309486389160156,
                        71.97348022460938,
                        5.470579147338867
                    ],
                    "rotation": [
                        0.0,
                        0.0,
                        0.0
                    ],
                    "scale": [
                        1.0,
                        1.0,
                        1.0
                    ]
                },
                {
                    "name": "patrollPoint.010",
                    "type": "EMPTY",
                    "location": [
                        27.7640438079834,
                        71.97348022460938,
                        5.470579147338867
                    ],
                    "rotation": [
                        0.0,
                        0.0,
                        0.0
                    ],
                    "scale": [
                        1.0,
                        1.0,
                        1.0
                    ]
                },
                {
                    "name": "patrollPoint.011",
                    "type": "EMPTY",
                    "location": [
                        50.978370666503906,
                        94.8237533569336,
                        5.470579624176025
                    ],
                    "rotation": [
                        0.0,
                        0.0,
                        0.0
                    ],
                    "scale": [
                        1.0,
                        1.0,
                        1.0
                    ]
                }
            ]
        }
    ]
}