{
    "objects": [
        {
            "name": "hallway",
            "type": "MESH",
            "location": [
                0.043064117431640625,
                214.93402099609375,
                1.6823043823242188
            ],
            "rotation": [
                0.0,
                0.0,
                0.0
            ],
            "scale": [
                1.0,
                1.0,
                1.0
            ]
        },
        {
            "name": "door.008",
            "type": "MESH",
            "location": [
                46.81874084472656,
                182.50213623046875,
                5.986425399780273
            ],
            "rotation": [
                0.0,
                180.0,
                0.0
            ],
            "scale": [
                1.0,
                1.0,
                1.0
            ],
            "children": [
                {
                    "name": "loadRoom4",
                    "type": "EMPTY",
                    "location": [
                        34.031532287597656,
                        175.69400024414062,
                        5.986425399780273
                    ],
                    "rotation": [
                        0.0,
                        0.0,
                        0.0
                    ],
                    "scale": [
                        1.0,
                        1.0,
                        1.0
                    ]
                }
            ]
        },
        {
            "name": "crate.023",
            "type": "MESH",
            "location": [
                24.841896057128906,
                186.28152465820312,
                5.0610857009887695
            ],
            "rotation": [
                0.0,
                0.0,
                0.0
            ],
            "scale": [
                3.2441680431365967,
                3.2441680431365967,
                3.2441680431365967
            ]
        },
        {
            "name": "crate.024",
            "type": "MESH",
            "location": [
                24.841896057128906,
                186.53561401367188,
                11.528532028198242
            ],
            "rotation": [
                0.0,
                -0.0,
                0.12837858498096466
            ],
            "scale": [
                3.2441680431365967,
                3.2441680431365967,
                3.2441680431365967
            ]
        },
        {
            "name": "crate.025",
            "type": "MESH",
            "location": [
                -37.75278854370117,
                186.40953063964844,
                5.0610857009887695
            ],
            "rotation": [
                0.0,
                -0.0,
                1.5783519744873047
            ],
            "scale": [
                3.2441680431365967,
                3.2441680431365967,
                3.2441680431365967
            ]
        },
        {
            "name": "crate.026",
            "type": "MESH",
            "location": [
                -38.00687026977539,
                186.40760803222656,
                11.528532028198242
            ],
            "rotation": [
                0.0,
                -0.0,
                1.706730604171753
            ],
            "scale": [
                3.2441680431365967,
                3.2441680431365967,
                3.2441680431365967
            ]
        },
        {
            "name": "crate.027",
            "type": "MESH",
            "location": [
                -70.65910339355469,
                186.40953063964844,
                5.0610857009887695
            ],
            "rotation": [
                0.0,
                -0.0,
                1.5783519744873047
            ],
            "scale": [
                3.2441680431365967,
                3.2441680431365967,
                3.2441680431365967
            ]
        },
        {
            "name": "crate.028",
            "type": "MESH",
            "location": [
                -70.91319274902344,
                186.40760803222656,
                11.528532028198242
            ],
            "rotation": [
                0.0,
                -0.0,
                1.706730604171753
            ],
            "scale": [
                3.2441680431365967,
                3.2441680431365967,
                3.2441680431365967
            ]
        },
        {
            "name": "enemy.006",
            "type": "EMPTY",
            "location": [
                -105.74787902832031,
                194.2889404296875,
                5.986425399780273
            ],
            "rotation": [
                0.0,
                0.0,
                0.0
            ],
            "scale": [
                1.0,
                1.0,
                1.0
            ],
            "children": [
                {
                    "name": "patrollPoint.015",
                    "type": "EMPTY",
                    "location": [
                        54.329063415527344,
                        194.2889404296875,
                        5.986425399780273
                    ],
                    "rotation": [
                        0.0,
                        0.0,
                        0.0
                    ],
                    "scale": [
                        1.0,
                        1.0,
                        1.0
                    ]
                },
                {
                    "name": "patrollPoint.016",
                    "type": "EMPTY",
                    "location": [
                        -112.76811981201172,
                        194.2889404296875,
                        5.986425399780273
                    ],
                    "rotation": [
                        0.0,
                        0.0,
                        0.0
                    ],
                    "scale": [
                        1.0,
                        1.0,
                        1.0
                    ]
                }
            ]
        },
        {
            "name": "door.009",
            "type": "MESH",
            "location": [
                -98.35702514648438,
                182.4669189453125,
                5.986425399780273
            ],
            "rotation": [
                0.0,
                180.0,
                0.0
            ],
            "scale": [
                1.0,
                1.0,
                1.0
            ],
            "children": [
                {
                    "name": "loadRoom6",
                    "type": "EMPTY",
                    "location": [
                        -110.54855346679688,
                        167.68609619140625,
                        3.6926281452178955
                    ],
                    "rotation": [
                        0.0,
                        0.0,
                        0.0
                    ],
                    "scale": [
                        1.0,
                        1.0,
                        1.0
                    ]
                }
            ]
        }
    ]
}