{
    "objects": [
        {
            "name": "fence2",
            "type": "MESH",
            "location": [
                -3.1263246536254883,
                60.7886848449707,
                5.880850791931152
            ],
            "rotation": [
                1.5707963705062866,
                -0.0,
                0.0
            ],
            "scale": [
                4.295965671539307,
                4.295965671539307,
                4.295965671539307
            ]
        },
        {
            "name": "map2",
            "type": "MESH",
            "location": [
                -1.0414180755615234,
                48.933921813964844,
                1.6823043823242188
            ],
            "rotation": [
                0.0,
                0.0,
                0.0
            ],
            "scale": [
                14.339925765991211,
                25.339925765991211,
                14.339925765991211
            ]
        },
        {
            "name": "fence1.003",
            "type": "MESH",
            "location": [
                -3.1263246536254883,
                41.165626525878906,
                5.880850791931152
            ],
            "rotation": [
                1.5707963705062866,
                -0.0,
                0.0
            ],
            "scale": [
                1.0,
                1.0,
                1.0
            ]
        },
        {
            "name": "door.001",
            "type": "MESH",
            "location": [
                45.78850173950195,
                51.992252349853516,
                5.470579147338867
            ],
            "rotation": [
                0.0,
                0.0,
                -3.1415927410125732
            ],
            "scale": [
                -1.0,
                1.0,
                1.0
            ],
            "children": [
                {
                    "name": "loadRoom1",
                    "type": "EMPTY",
                    "location": [
                        45.78850173950195,
                        47.356224060058594,
                        5.470579147338867
                    ],
                    "rotation": [
                        0.0,
                        0.0,
                        0.0
                    ],
                    "scale": [
                        1.0,
                        1.0,
                        1.0
                    ]
                }
            ]
        },
        {
            "name": "door.002",
            "type": "MESH",
            "location": [
                -52.718406677246094,
                47.57697296142578,
                5.470579147338867
            ],
            "rotation": [
                0.0,
                0.0,
                0.0
            ],
            "scale": [
                1.0,
                1.0,
                1.0
            ],
            "children": [
                {
                    "name": "loadRoom3",
                    "type": "EMPTY",
                    "location": [
                        -53.50558853149414,
                        52.2973518371582,
                        5.470579147338867
                    ],
                    "rotation": [
                        0.0,
                        0.0,
                        0.0
                    ],
                    "scale": [
                        1.0,
                        1.0,
                        1.0
                    ]
                }
            ]
        }
    ]
}