{
    "objects": [
        {
            "name": "crate",
            "type": "MESH",
            "location": [
                -41.78440856933594,
                25.65550422668457,
                4.7006683349609375
            ],
            "rotation": [
                0.0,
                0.0,
                0.0
            ],
            "scale": [
                3.2441680431365967,
                3.2441680431365967,
                3.2441680431365967
            ]
        },
        {
            "name": "crate.001",
            "type": "MESH",
            "location": [
                -9.715723991394043,
                12.29905891418457,
                4.7006683349609375
            ],
            "rotation": [
                0.0,
                0.0,
                0.0
            ],
            "scale": [
                3.2441680431365967,
                3.2441680431365967,
                3.2441680431365967
            ]
        },
        {
            "name": "crate.002",
            "type": "MESH",
            "location": [
                -3.1313974857330322,
                12.29905891418457,
                4.7006683349609375
            ],
            "rotation": [
                0.0,
                0.0,
                0.0
            ],
            "scale": [
                3.2441680431365967,
                3.2441680431365967,
                3.2441680431365967
            ]
        },
        {
            "name": "crate.003",
            "type": "MESH",
            "location": [
                -3.1313974857330322,
                12.299099922180176,
                4.700669765472412
            ],
            "rotation": [
                0.0,
                0.0,
                0.0
            ],
            "scale": [
                3.2441680431365967,
                3.2441680431365967,
                3.2441680431365967
            ]
        },
        {
            "name": "crate.004",
            "type": "MESH",
            "location": [
                10.114178657531738,
                12.639562606811523,
                4.7006683349609375
            ],
            "rotation": [
                0.0,
                0.0,
                0.0
            ],
            "scale": [
                3.2441680431365967,
                3.2441680431365967,
                3.2441680431365967
            ]
        },
        {
            "name": "crate.005",
            "type": "MESH",
            "location": [
                16.583740234375,
                12.639562606811523,
                4.7006683349609375
            ],
            "rotation": [
                0.0,
                0.0,
                0.0
            ],
            "scale": [
                3.2441680431365967,
                3.2441680431365967,
                3.2441680431365967
            ]
        },
        {
            "name": "crate.006",
            "type": "MESH",
            "location": [
                23.019250869750977,
                12.639562606811523,
                4.7006683349609375
            ],
            "rotation": [
                0.0,
                0.0,
                0.0
            ],
            "scale": [
                3.2441680431365967,
                3.2441680431365967,
                3.2441680431365967
            ]
        },
        {
            "name": "crate.007",
            "type": "MESH",
            "location": [
                -35.428348541259766,
                25.65550422668457,
                4.7006683349609375
            ],
            "rotation": [
                0.0,
                0.0,
                0.0
            ],
            "scale": [
                3.2441680431365967,
                3.2441680431365967,
                3.2441680431365967
            ]
        },
        {
            "name": "fence1",
            "type": "MESH",
            "location": [
                -3.1263246536254883,
                41.165626525878906,
                5.880850791931152
            ],
            "rotation": [
                1.5707963705062866,
                -0.0,
                0.0
            ],
            "scale": [
                1.0,
                1.0,
                1.0
            ]
        },
        {
            "name": "map1",
            "type": "MESH",
            "location": [
                0.0,
                -13.990438461303711,
                0.0
            ],
            "rotation": [
                0.0,
                0.0,
                0.0
            ],
            "scale": [
                1.0,
                1.0,
                1.0
            ]
        },
        {
            "name": "door",
            "type": "MESH",
            "location": [
                45.78850173950195,
                51.90290832519531,
                5.470579147338867
            ],
            "rotation": [
                0.0,
                0.0,
                0.0
            ],
            "scale": [
                1.0,
                1.0,
                1.0
            ],
            "children": [
                {
                    "name": "loadRoom2",
                    "type": "EMPTY",
                    "location": [
                        45.78850173950195,
                        55.00519561767578,
                        5.470579147338867
                    ],
                    "rotation": [
                        0.0,
                        0.0,
                        0.0
                    ],
                    "scale": [
                        1.0,
                        1.0,
                        1.0
                    ]
                }
            ]
        },
        {
            "name": "enemy",
            "type": "EMPTY",
            "location": [
                45.1307373046875,
                45.329185485839844,
                3.0
            ],
            "rotation": [
                0.0,
                0.0,
                0.0
            ],
            "scale": [
                1.0,
                1.0,
                1.0
            ],
            "children": [
                {
                    "name": "patrollPoint",
                    "type": "EMPTY",
                    "location": [
                        45.1307373046875,
                        18.776451110839844,
                        0.0
                    ],
                    "rotation": [
                        0.0,
                        0.0,
                        0.0
                    ],
                    "scale": [
                        1.0,
                        1.0,
                        1.0
                    ]
                },
                {
                    "name": "patrollPoint.001",
                    "type": "EMPTY",
                    "location": [
                        -41.74847412109375,
                        18.776451110839844,
                        0.0
                    ],
                    "rotation": [
                        0.0,
                        0.0,
                        0.0
                    ],
                    "scale": [
                        1.0,
                        1.0,
                        1.0
                    ]
                }
            ]
        }
    ]
}